{"cameraMode":{"drawMode":0,"name":"Shaded","section":"Shading Mode"},"sceneLighting":false,"audioPlay":false,"sceneViewState":{"showFog":true,"showMaterialUpdate":false,"showSkybox":false,"showFlares":true,"showImageEffects":true,"showParticleSystems":true},"in2DMode":false,"pivot":{"x":0.6362535953521729,"y":0.2586822509765625,"z":0.9469112157821655},"rotation":{"x":0.39769047498703005,"y":-0.5920478105545044,"z":0.41901180148124697,"w":0.5619202256202698},"size":4.545234203338623,"orthographic":false}