{"cameraMode":{"drawMode":0,"name":"Shaded","section":"Shading Mode"},"sceneLighting":false,"audioPlay":false,"sceneViewState":{"showFog":true,"showMaterialUpdate":false,"showSkybox":false,"showFlares":true,"showImageEffects":true,"showParticleSystems":true},"in2DMode":false,"pivot":{"x":-0.10950931161642075,"y":-0.5842430591583252,"z":2.7731142044067385},"rotation":{"x":0.3211653530597687,"y":-0.5169953107833862,"z":0.21760883927345277,"w":0.7630366683006287},"size":1.695137858390808,"orthographic":true}